"customer_id","date_most_recent","recency_days","order_count","revenue","R_score","F_score","M_score","RFM_score"
0,2019-09-14,553,9,2091,1,4,4,144
13,2020-10-14,157,6,2667,2,3,4,234
49,2020-10-11,160,11,1586,2,4,3,243
66,2020-08-19,213,8,722,2,4,2,242
73,2020-06-10,283,9,3069,2,4,4,244
95,2020-09-24,177,10,718,2,4,2,242
150,2020-08-05,227,7,2493,2,3,4,234
173,2020-08-08,224,10,991,2,4,2,242
204,2020-02-28,386,6,2179,1,3,4,134
249,2020-08-20,212,9,2349,2,4,4,244
267,2020-05-28,296,9,1273,1,4,3,143
311,2020-10-08,163,10,3360,2,4,4,244
350,2020-09-21,180,7,2054,2,3,4,234
358,2020-06-15,278,6,2855,2,3,4,234
362,2020-05-12,312,7,2885,1,3,4,134
368,2019-09-12,555,7,2410,1,3,4,134
374,2020-09-03,198,8,3451,2,4,4,244
388,2020-08-31,201,8,2251,2,4,4,244
390,2020-08-15,217,7,4167,2,3,4,234
398,2020-07-14,249,7,1865,2,3,4,234
402,2020-07-25,238,8,882,2,4,2,242
410,2020-05-20,304,7,2503,1,3,4,134
418,2020-08-05,227,6,2208,2,3,4,234
442,2019-09-24,543,6,1893,1,3,4,134
445,2020-05-02,322,10,2204,1,4,4,144
454,2020-10-10,161,8,2024,2,4,4,244
464,2020-09-30,171,11,3906,2,4,4,244
511,2020-08-16,216,8,966,2,4,2,242
513,2020-09-20,181,8,4951,2,4,4,244
516,2020-09-06,195,8,1528,2,4,3,243
523,2020-09-02,199,7,2231,2,3,4,234
534,2020-07-14,249,7,2006,2,3,4,234
537,2020-09-01,200,7,2553,2,3,4,234
541,2020-08-07,225,7,2175,2,3,4,234
548,2020-09-17,184,9,1036,2,4,3,243
559,2020-10-04,167,11,2133,2,4,4,244
560,2020-07-24,239,6,1919,2,3,4,234
576,2020-07-27,236,6,2907,2,3,4,234
581,2020-09-30,171,9,1626,2,4,3,243
635,2020-08-21,211,6,3146,2,3,4,234
639,2020-05-12,312,7,2787,1,3,4,134
646,2020-08-10,222,8,1272,2,4,3,243
655,2020-10-12,159,8,1121,2,4,3,243
658,2020-05-26,298,11,3605,1,4,4,144
659,2020-09-25,176,8,2264,2,4,4,244
660,2020-09-01,200,8,1145,2,4,3,243
678,2020-09-01,200,8,4427,2,4,4,244
695,2020-08-08,224,8,4284,2,4,4,244
698,2020-10-09,162,8,622,2,4,2,242
706,2020-05-13,311,6,2463,1,3,4,134
709,2020-08-30,202,8,854,2,4,2,242
714,2020-04-23,331,8,1888,1,4,4,144
729,2020-09-28,173,7,1874,2,3,4,234
733,2020-04-13,341,7,3726,1,3,4,134
750,2020-08-29,203,9,3956,2,4,4,244
761,2020-07-21,242,11,3839,2,4,4,244
767,2020-06-04,289,6,2394,1,3,4,134
769,2020-10-05,166,9,5979,2,4,4,244
772,2020-09-15,186,8,893,2,4,2,242
780,2020-08-20,212,7,6722,2,3,4,234
787,2020-10-06,165,10,2865,2,4,4,244
809,2019-12-04,472,8,4460,1,4,4,144
814,2020-08-28,204,6,2752,2,3,4,234
829,2020-06-23,270,7,2935,2,3,4,234
838,2020-09-06,195,6,3315,2,3,4,234
843,2020-10-11,160,6,2029,2,3,4,234
853,2020-07-28,235,9,2367,2,4,4,244
866,2020-09-17,184,9,2347,2,4,4,244
870,2020-09-14,187,8,2857,2,4,4,244
875,2020-09-28,173,6,2345,2,3,4,234
894,2020-06-12,281,8,1172,2,4,3,243
895,2020-02-02,412,7,2954,1,3,4,134
901,2020-08-03,229,10,2629,2,4,4,244
904,2020-09-26,175,9,2593,2,4,4,244
907,2020-06-20,273,8,2606,2,4,4,244
918,2020-09-14,187,7,2115,2,3,4,234
923,2020-07-12,251,7,2630,2,3,4,234
949,2020-08-27,205,8,2041,2,4,4,244
957,2020-09-22,179,8,2973,2,4,4,244
980,2020-07-09,254,8,1300,2,4,3,243
993,2020-04-12,342,10,3344,1,4,4,144
997,2020-09-21,180,9,2364,2,4,4,244
1003,2020-09-20,181,8,2438,2,4,4,244
1031,2020-10-11,160,7,3654,2,3,4,234
1050,2020-09-08,193,8,889,2,4,2,242
1064,2020-09-11,190,11,4049,2,4,4,244
1094,2020-07-15,248,8,1519,2,4,3,243
1104,2020-03-02,383,10,1432,1,4,3,143
1121,2020-09-20,181,10,3793,2,4,4,244
1125,2020-08-12,220,8,2463,2,4,4,244
1127,2019-11-02,504,7,2177,1,3,4,134
1132,2020-02-21,393,6,2575,1,3,4,134
1145,2020-09-04,197,8,567,2,4,2,242
1147,2020-10-06,165,8,2146,2,4,4,244
1155,2020-10-04,167,9,707,2,4,2,242
1158,2020-08-19,213,8,4094,2,4,4,244
1170,2020-05-24,300,8,1795,1,4,3,143
1182,2020-07-18,245,7,1916,2,3,4,234
1184,2020-06-20,273,7,2019,2,3,4,234
1193,2020-09-19,182,9,1412,2,4,3,243
1223,2020-07-18,245,6,2632,2,3,4,234
1241,2020-09-13,188,8,852,2,4,2,242
1245,2020-09-07,194,8,4558,2,4,4,244
1249,2020-08-16,216,10,2908,2,4,4,244
1260,2019-08-22,576,8,1332,1,4,3,143
1293,2020-04-22,332,7,1890,1,3,4,134
1314,2020-09-22,179,8,1557,2,4,3,243
1319,2020-09-24,177,9,3781,2,4,4,244
1361,2020-06-10,283,8,2647,2,4,4,244
1365,2020-06-20,273,8,1184,2,4,3,243
1371,2020-08-18,214,11,4306,2,4,4,244
1415,2020-04-28,326,6,2760,1,3,4,134
1433,2020-09-05,196,9,3032,2,4,4,244
1448,2020-07-02,261,8,2732,2,4,4,244
1451,2020-09-09,192,7,3031,2,3,4,234
1455,2020-10-14,157,7,2061,2,3,4,234
1462,2020-06-16,277,6,4187,2,3,4,234
1463,2020-07-15,248,8,755,2,4,2,242
1469,2020-06-29,264,11,1663,2,4,3,243
1476,2020-08-02,230,6,2101,2,3,4,234
1479,2020-09-05,196,8,1243,2,4,3,243
1480,2019-10-17,520,8,2473,1,4,4,144
1483,2020-07-02,261,10,2866,2,4,4,244
1484,2020-08-27,205,9,4921,2,4,4,244
1485,2020-05-18,306,8,1012,1,4,3,143
1493,2020-07-28,235,8,984,2,4,2,242
1502,2020-07-12,251,9,1591,2,4,3,243
1509,2020-08-03,229,7,3621,2,3,4,234
1513,2020-07-10,253,8,1590,2,4,3,243
1517,2020-08-10,222,9,759,2,4,2,242
1529,2020-09-05,196,10,845,2,4,2,242
1530,2020-08-17,215,7,2854,2,3,4,234
1546,2020-04-16,338,8,3183,1,4,4,144
1549,2020-09-22,179,8,1622,2,4,3,243
1552,2020-09-26,175,11,1943,2,4,4,244
1571,2020-09-08,193,7,2152,2,3,4,234
1572,2020-09-11,190,9,2146,2,4,4,244
1589,2020-08-11,221,8,2100,2,4,4,244
1602,2020-06-21,272,8,1430,2,4,3,243
1619,2020-02-12,402,7,1857,1,3,4,134
1628,2020-08-18,214,10,2428,2,4,4,244
1629,2020-06-29,264,8,1313,2,4,3,243
1643,2020-07-31,232,8,5301,2,4,4,244
1658,2020-09-12,189,10,2845,2,4,4,244
1666,2020-08-22,210,7,3490,2,3,4,234
1698,2020-07-16,247,7,2046,2,3,4,234
1711,2020-09-12,189,13,2151,2,4,4,244
1722,2020-10-07,164,12,4239,2,4,4,244
1727,2020-09-20,181,9,2603,2,4,4,244
1737,2020-07-21,242,10,873,2,4,2,242
1746,2020-09-05,196,13,2468,2,4,4,244
1750,2020-09-19,182,7,2860,2,3,4,234
1783,2020-10-07,164,8,2066,2,4,4,244
1807,2020-04-02,352,10,3241,1,4,4,144
1827,2020-09-08,193,8,863,2,4,2,242
1830,2020-07-21,242,9,611,2,4,2,242
1832,2020-04-18,336,7,12596,1,3,4,134
1844,2020-03-13,372,7,5702,1,3,4,134
1849,2020-10-01,170,6,1926,2,3,4,234
1850,2020-02-10,404,11,1382,1,4,3,143
1856,2020-01-21,424,7,3074,1,3,4,134
1863,2020-09-12,189,7,1900,2,3,4,234
1869,2020-10-07,164,11,2028,2,4,4,244
1881,2020-03-10,375,9,2604,1,4,4,144
1882,2020-09-25,176,6,2005,2,3,4,234
1895,2020-08-07,225,9,552,2,4,2,242
1909,2020-10-12,159,8,2090,2,4,4,244
1917,2020-09-26,175,6,2036,2,3,4,234
1930,2020-07-27,236,6,2255,2,3,4,234
1943,2020-09-01,200,10,2060,2,4,4,244
1958,2020-08-30,202,6,2380,2,3,4,234
1972,2020-04-28,326,8,2457,1,4,4,144
1979,2020-05-11,313,8,1427,1,4,3,143
1986,2020-08-30,202,11,1922,2,4,4,244
1990,2020-09-28,173,8,710,2,4,2,242
2006,2020-06-11,282,8,2055,2,4,4,244
2010,2020-08-12,220,6,2251,2,3,4,234
2031,2019-12-03,473,6,5395,1,3,4,134
2034,2019-11-04,502,8,1040,1,4,3,143
2035,2019-11-10,496,8,2721,1,4,4,144
2044,2020-09-27,174,9,1530,2,4,3,243
2045,2020-06-04,289,9,2362,1,4,4,144
2051,2020-06-16,277,6,3673,2,3,4,234
2055,2020-10-02,169,8,1687,2,4,3,243
2060,2020-09-11,190,10,1143,2,4,3,243
2082,2019-10-04,533,7,2851,1,3,4,134
2086,2020-06-19,274,8,569,2,4,2,242
2095,2020-08-11,221,8,2941,2,4,4,244
2097,2020-09-15,186,9,2920,2,4,4,244
2113,2020-08-15,217,8,670,2,4,2,242
2163,2020-02-17,397,6,2490,1,3,4,134
2187,2020-04-05,349,7,2496,1,3,4,134
2207,2020-08-11,221,9,2167,2,4,4,244
2212,2020-06-30,263,7,4977,2,3,4,234
2217,2020-09-19,182,8,2576,2,4,4,244
2229,2020-10-01,170,6,2136,2,3,4,234
2261,2020-09-27,174,8,1118,2,4,3,243
2272,2020-10-01,170,8,799,2,4,2,242
2286,2020-06-14,279,8,1535,2,4,3,243
2312,2020-06-25,268,9,2918,2,4,4,244
2314,2020-04-28,326,8,3129,1,4,4,144
2318,2020-07-21,242,7,11047,2,3,4,234
2326,2020-09-02,199,9,699,2,4,2,242
2342,2020-03-11,374,7,3040,1,3,4,134
2345,2020-08-17,215,7,3385,2,3,4,234
2379,2020-09-14,187,10,1017,2,4,3,243
2386,2020-09-09,192,10,2493,2,4,4,244
2388,2020-07-28,235,7,1839,2,3,4,234
2394,2020-10-16,155,7,1991,2,3,4,234
2400,2019-12-09,467,8,2812,1,4,4,144
2401,2020-09-06,195,9,841,2,4,2,242
2402,2020-07-09,254,9,1590,2,4,3,243
2439,2020-07-04,259,7,2830,2,3,4,234
2449,2020-10-09,162,7,2401,2,3,4,234
2458,2020-08-05,227,6,2876,2,3,4,234
2470,2020-09-29,172,7,2340,2,3,4,234
2474,2020-01-16,429,7,8710,1,3,4,134
2483,2020-07-15,248,8,2587,2,4,4,244
2507,2020-07-12,251,9,11279,2,4,4,244
2537,2020-06-08,285,13,3302,2,4,4,244
2546,2020-08-07,225,8,1234,2,4,3,243
2550,2020-07-20,243,6,2602,2,3,4,234
2554,2020-05-04,320,6,3452,1,3,4,134
2556,2020-10-05,166,8,3508,2,4,4,244
2565,2020-08-12,220,9,1324,2,4,3,243
2568,2020-08-17,215,6,2885,2,3,4,234
2588,2020-10-07,164,7,3018,2,3,4,234
2596,2019-11-01,505,6,2416,1,3,4,134
2601,2020-04-14,340,6,3320,1,3,4,134
2620,2020-10-12,159,9,1271,2,4,3,243
2623,2020-10-10,161,7,2868,2,3,4,234
2635,2020-03-09,376,10,1234,1,4,3,143
2637,2020-05-01,323,11,4037,1,4,4,144
2659,2019-07-22,607,6,2750,1,3,4,134
2669,2020-08-29,203,7,2090,2,3,4,234
2670,2020-07-30,233,8,6498,2,4,4,244
2676,2020-10-11,160,7,3157,2,3,4,234
2689,2020-08-23,209,8,3142,2,4,4,244
2690,2020-06-05,288,8,1380,1,4,3,143
2713,2020-10-06,165,8,2186,2,4,4,244
2717,2020-09-04,197,6,1941,2,3,4,234
2720,2020-06-08,285,9,861,2,4,2,242
2746,2020-10-07,164,9,1410,2,4,3,243
2753,2020-01-22,423,7,2151,1,3,4,134
2757,2020-07-10,253,7,3547,2,3,4,234
2763,2020-10-15,156,6,2711,2,3,4,234
2783,2020-10-06,165,9,3099,2,4,4,244
2785,2020-09-20,181,7,6085,2,3,4,234
2803,2020-04-22,332,8,1125,1,4,3,143
2816,2020-05-10,314,8,1612,1,4,3,143
2823,2020-08-08,224,11,3973,2,4,4,244
2835,2020-06-25,268,9,3350,2,4,4,244
2844,2020-05-12,312,8,2687,1,4,4,144
2857,2020-03-13,372,9,2451,1,4,4,144
2863,2020-09-11,190,8,1017,2,4,3,243
2868,2020-08-29,203,7,1981,2,3,4,234
2869,2020-06-07,286,8,6627,1,4,4,144
2871,2020-01-12,433,6,1995,1,3,4,134
2901,2020-04-14,340,8,1596,1,4,3,143
2926,2020-09-28,173,8,2709,2,4,4,244
2936,2020-02-13,401,9,1723,1,4,3,143
2946,2020-09-22,179,10,1423,2,4,3,243
2947,2020-07-31,232,9,2568,2,4,4,244
2973,2020-06-07,286,9,3945,1,4,4,144
3029,2020-09-24,177,8,2214,2,4,4,244
3032,2020-08-05,227,8,2229,2,4,4,244
3036,2020-10-12,159,9,1770,2,4,3,243
3039,2020-01-15,430,7,3879,1,3,4,134
3044,2020-03-02,383,8,3336,1,4,4,144
3047,2020-09-29,172,10,1188,2,4,3,243
3051,2020-09-19,182,9,981,2,4,2,242
3063,2020-02-15,399,6,2179,1,3,4,134
3100,2020-09-23,178,9,5570,2,4,4,244
3109,2020-04-27,327,8,2596,1,4,4,144
3129,2020-07-25,238,8,663,2,4,2,242
3146,2020-05-11,313,12,3204,1,4,4,144
3148,2019-11-14,492,7,6690,1,3,4,134
3151,2020-07-29,234,9,1236,2,4,3,243
3163,2020-05-24,300,10,4612,1,4,4,144
3176,2020-01-19,426,8,5009,1,4,4,144
3178,2020-09-18,183,6,1892,2,3,4,234
3194,2020-06-21,272,6,4051,2,3,4,234
3196,2020-06-21,272,7,3811,2,3,4,234
3198,2020-08-19,213,8,1271,2,4,3,243
3229,2019-11-29,477,9,2734,1,4,4,144
3233,2020-08-07,225,6,2329,2,3,4,234
3237,2020-02-28,386,8,2132,1,4,4,144
3277,2020-09-04,197,8,2413,2,4,4,244
3282,2020-09-27,174,7,2712,2,3,4,234
3288,2020-10-05,166,7,2270,2,3,4,234
3307,2020-09-16,185,6,24674,2,3,4,234
3308,2020-05-21,303,7,2351,1,3,4,134
3315,2020-04-09,345,9,1506,1,4,3,143
3319,2020-05-08,316,9,2609,1,4,4,144
3325,2019-04-28,692,6,3302,1,3,4,134
3326,2020-07-10,253,8,4468,2,4,4,244
3327,2020-07-05,258,6,2702,2,3,4,234
3346,2020-08-26,206,7,2221,2,3,4,234
3348,2019-12-25,451,9,2829,1,4,4,144
3352,2020-09-16,185,9,1506,2,4,3,243
3355,2020-10-12,159,8,554,2,4,2,242
3356,2020-09-07,194,8,1718,2,4,3,243
3361,2020-07-28,235,8,1973,2,4,4,244
3385,2019-11-17,489,8,2626,1,4,4,144
3394,2020-09-04,197,8,1208,2,4,3,243
3405,2020-09-07,194,9,5063,2,4,4,244
3409,2020-09-04,197,6,2793,2,3,4,234
3427,2020-09-26,175,7,5233,2,3,4,234
3431,2020-08-24,208,7,4808,2,3,4,234
3434,2020-07-05,258,8,590,2,4,2,242
3443,2020-06-05,288,7,2767,1,3,4,134
3458,2020-09-01,200,12,1216,2,4,3,243
3468,2020-04-25,329,8,1540,1,4,3,143
3508,2020-07-24,239,8,5006,2,4,4,244
3534,2020-06-17,276,12,1953,2,4,4,244
3537,2020-07-10,253,8,3584,2,4,4,244
3551,2020-08-23,209,10,3411,2,4,4,244
3557,2020-04-04,350,10,4910,1,4,4,144
3571,2020-08-07,225,6,2829,2,3,4,234
3586,2020-08-27,205,7,3445,2,3,4,234
3607,2020-05-20,304,9,2134,1,4,4,144
3624,2020-09-03,198,8,1116,2,4,3,243
3632,2020-08-28,204,10,1551,2,4,3,243
3634,2020-10-11,160,8,3419,2,4,4,244
3639,2020-08-09,223,7,3970,2,3,4,234
3641,2020-10-08,163,11,1392,2,4,3,243
3650,2020-08-28,204,6,2006,2,3,4,234
3651,2020-08-25,207,7,3126,2,3,4,234
3656,2020-09-25,176,11,2496,2,4,4,244
3664,2020-05-04,320,9,1411,1,4,3,143
3672,2020-06-22,271,9,893,2,4,2,242
3687,2020-10-08,163,9,10701,2,4,4,244
3697,2020-03-26,359,7,3422,1,3,4,134
3707,2020-09-07,194,8,967,2,4,2,242
3732,2020-05-18,306,9,1450,1,4,3,143
3753,2020-03-30,355,6,3386,1,3,4,134
3755,2020-06-07,286,7,2117,1,3,4,134
3758,2019-07-16,613,7,2276,1,3,4,134
3772,2019-11-25,481,6,1986,1,3,4,134
3773,2020-07-31,232,11,1718,2,4,3,243
3778,2020-06-12,281,11,1950,2,4,4,244
3786,2020-10-09,162,8,2005,2,4,4,244
3800,2020-08-06,226,6,2349,2,3,4,234
3802,2020-09-17,184,8,894,2,4,2,242
3813,2020-08-29,203,8,2850,2,4,4,244
3831,2020-08-13,219,8,2213,2,4,4,244
3846,2020-09-08,193,9,2886,2,4,4,244
3860,2020-05-07,317,9,1169,1,4,3,143
3865,2020-08-13,219,6,2596,2,3,4,234
3878,2020-07-09,254,10,4941,2,4,4,244
3879,2020-07-31,232,6,2077,2,3,4,234
3880,2020-05-10,314,8,2752,1,4,4,144
3894,2020-09-04,197,13,5343,2,4,4,244
3899,2020-09-09,192,8,1458,2,4,3,243
3935,2020-04-05,349,10,2917,1,4,4,144
3952,2020-04-14,340,6,1995,1,3,4,134
3974,2020-06-27,266,10,4097,2,4,4,244
3977,2019-11-08,498,7,1950,1,3,4,134
3986,2020-10-14,157,8,7519,2,4,4,244
3987,2020-09-21,180,7,2112,2,3,4,234
3992,2020-05-13,311,9,3440,1,4,4,144
4015,2020-10-14,157,8,695,2,4,2,242
4021,2020-07-28,235,8,2920,2,4,4,244
4027,2020-10-13,158,9,2644,2,4,4,244
4030,2020-01-24,421,9,3810,1,4,4,144
4058,2020-04-28,326,6,3086,1,3,4,134
4060,2020-04-18,336,6,3926,1,3,4,134
4119,2020-07-28,235,8,2131,2,4,4,244
4146,2020-09-19,182,8,817,2,4,2,242
4151,2020-07-30,233,6,2626,2,3,4,234
4155,2020-07-25,238,8,1836,2,4,4,244
4170,2020-09-14,187,9,2522,2,4,4,244
4192,2020-09-30,171,10,2208,2,4,4,244
4211,2020-07-05,258,9,795,2,4,2,242
4216,2020-06-05,288,8,1356,1,4,3,143
4236,2020-08-20,212,7,1891,2,3,4,234
4239,2020-07-26,237,7,2779,2,3,4,234
4264,2020-10-15,156,6,2701,2,3,4,234
4269,2020-08-24,208,9,867,2,4,2,242
4285,2020-07-30,233,8,1656,2,4,3,243
4292,2020-10-06,165,9,2117,2,4,4,244
4322,2020-10-16,155,9,4590,2,4,4,244
4323,2020-09-24,177,7,1967,2,3,4,234
4336,2020-05-12,312,9,3727,1,4,4,144
4345,2019-10-02,535,9,1966,1,4,4,144
4356,2020-10-10,161,6,2291,2,3,4,234
4375,2020-09-15,186,11,2779,2,4,4,244
4387,2019-11-27,479,6,2227,1,3,4,134
4390,2020-07-23,240,7,3209,2,3,4,234
4395,2020-04-04,350,10,2273,1,4,4,144
4399,2020-10-13,158,10,2952,2,4,4,244
4400,2020-06-21,272,10,2041,2,4,4,244
4406,2020-09-02,199,10,2802,2,4,4,244
4412,2020-08-30,202,9,1082,2,4,3,243
4451,2020-04-01,353,6,4015,1,3,4,134
4483,2020-09-23,178,6,4378,2,3,4,234
4493,2020-10-14,157,9,2780,2,4,4,244
4500,2020-10-13,158,10,2004,2,4,4,244
4505,2020-06-26,267,7,2834,2,3,4,234
4526,2020-09-03,198,9,833,2,4,2,242
4551,2020-07-24,239,11,1849,2,4,4,244
4561,2020-07-24,239,10,1196,2,4,3,243
4566,2020-08-20,212,7,1930,2,3,4,234
4577,2020-04-15,339,8,2101,1,4,4,144
4587,2020-01-09,436,6,2014,1,3,4,134
4595,2020-05-14,310,6,3168,1,3,4,134
4611,2020-07-28,235,10,3553,2,4,4,244
4613,2020-04-18,336,9,2395,1,4,4,144
4614,2020-10-13,158,9,2924,2,4,4,244
4633,2020-05-23,301,6,8078,1,3,4,134
4643,2020-07-17,246,11,3612,2,4,4,244
4649,2020-08-21,211,6,3441,2,3,4,234
4653,2020-10-09,162,6,2331,2,3,4,234
4660,2020-01-22,423,10,4349,1,4,4,144
4662,2020-10-04,167,10,1123,2,4,3,243
4678,2020-07-26,237,6,2926,2,3,4,234
4682,2020-09-01,200,6,3910,2,3,4,234
4687,2020-01-31,414,8,1459,1,4,3,143
4718,2019-08-22,576,7,2915,1,3,4,134
4728,2020-07-04,259,8,642,2,4,2,242
4732,2019-10-22,515,7,5763,1,3,4,134
4739,2020-06-15,278,9,3076,2,4,4,244
4747,2020-09-02,199,6,2158,2,3,4,234
4774,2020-09-14,187,8,2163,2,4,4,244
4781,2020-09-02,199,8,920,2,4,2,242
4785,2020-08-01,231,8,763,2,4,2,242
4793,2020-07-31,232,6,1992,2,3,4,234
4800,2020-06-29,264,8,3035,2,4,4,244
4804,2020-06-26,267,8,2794,2,4,4,244
4820,2020-03-23,362,6,2056,1,3,4,134
4850,2020-08-17,215,6,11264,2,3,4,234
4852,2019-12-31,445,9,1129,1,4,3,143
4858,2020-01-08,437,7,1976,1,3,4,134
4864,2020-07-10,253,13,4674,2,4,4,244
4880,2020-09-04,197,9,2617,2,4,4,244
4881,2020-10-13,158,6,2632,2,3,4,234
4892,2019-09-15,552,8,1225,1,4,3,143
4897,2020-08-25,207,7,1942,2,3,4,234
4899,2020-02-10,404,7,2031,1,3,4,134
4913,2020-03-31,354,8,4252,1,4,4,144
4921,2020-08-06,226,7,2199,2,3,4,234
4978,2020-10-05,166,9,2334,2,4,4,244
4982,2020-10-09,162,9,1618,2,4,3,243
5009,2020-09-30,171,7,2332,2,3,4,234
5018,2019-08-01,597,6,2315,1,3,4,134
5038,2020-08-15,217,7,1924,2,3,4,234
5044,2019-11-05,501,6,1975,1,3,4,134
5056,2020-09-22,179,7,4196,2,3,4,234
5059,2020-07-30,233,9,1197,2,4,3,243
5066,2020-09-27,174,6,5448,2,3,4,234
5082,2020-03-23,362,9,1130,1,4,3,143
5103,2020-09-21,180,10,5191,2,4,4,244
5108,2020-01-28,417,8,1249,1,4,3,143
5111,2020-06-28,265,10,962,2,4,2,242
5121,2020-09-29,172,8,4796,2,4,4,244
5156,2020-09-07,194,6,4983,2,3,4,234
5161,2020-06-01,292,8,3064,1,4,4,144
5166,2020-03-25,360,6,2710,1,3,4,134
5175,2020-06-17,276,6,2088,2,3,4,234
5187,2020-05-16,308,13,4986,1,4,4,144
5199,2020-08-20,212,7,1879,2,3,4,234
5201,2020-08-05,227,6,3954,2,3,4,234
5204,2020-09-06,195,8,890,2,4,2,242
5206,2020-09-14,187,6,1910,2,3,4,234
5215,2020-10-12,159,6,2940,2,3,4,234
5218,2019-11-12,494,6,4120,1,3,4,134
5229,2020-04-25,329,9,5165,1,4,4,144
5252,2020-10-09,162,9,959,2,4,2,242
5254,2020-10-04,167,10,2224,2,4,4,244
5263,2020-06-29,264,8,1870,2,4,4,244
5294,2020-09-15,186,6,2130,2,3,4,234
5315,2020-07-29,234,7,2237,2,3,4,234
5346,2019-11-12,494,8,1158,1,4,3,143
5347,2020-09-05,196,6,2508,2,3,4,234
5352,2020-02-29,385,8,1726,1,4,3,143
5355,2020-09-04,197,9,5653,2,4,4,244
5356,2020-05-27,297,8,1556,1,4,3,143
5357,2020-06-07,286,10,1689,1,4,3,143
5363,2020-10-07,164,9,2507,2,4,4,244
5365,2020-08-07,225,11,3181,2,4,4,244
5368,2020-09-13,188,6,2083,2,3,4,234
5387,2020-08-17,215,6,2699,2,3,4,234
5392,2020-07-12,251,8,825,2,4,2,242
5407,2020-09-20,181,8,552,2,4,2,242
5452,2020-02-12,402,8,2403,1,4,4,144
5459,2020-06-23,270,6,2667,2,3,4,234
5489,2020-10-10,161,8,3211,2,4,4,244
5491,2020-04-28,326,8,3056,1,4,4,144
5507,2020-09-12,189,9,647,2,4,2,242
5525,2020-06-17,276,7,6132,2,3,4,234
5532,2020-06-02,291,10,1973,1,4,4,144
5537,2020-08-06,226,6,3621,2,3,4,234
5557,2020-04-11,343,9,1357,1,4,3,143
5562,2020-10-11,160,8,975,2,4,2,242
5579,2020-09-12,189,9,4650,2,4,4,244
5585,2019-09-06,561,6,1934,1,3,4,134
5594,2020-08-09,223,7,1969,2,3,4,234
5600,2020-08-23,209,10,1407,2,4,3,243
5611,2020-07-17,246,9,2562,2,4,4,244
5623,2020-02-28,386,7,4178,1,3,4,134
5630,2020-10-05,166,8,2082,2,4,4,244
5638,2020-10-02,169,8,1575,2,4,3,243
5643,2020-09-02,199,9,2029,2,4,4,244
5647,2020-08-11,221,10,1414,2,4,3,243
5654,2020-04-15,339,8,3436,1,4,4,144
5666,2020-07-11,252,6,1859,2,3,4,234
5676,2020-05-22,302,7,2087,1,3,4,134
5699,2020-09-14,187,9,2621,2,4,4,244
5701,2020-04-26,328,8,1221,1,4,3,143
5709,2020-04-22,332,6,1939,1,3,4,134
5723,2020-03-02,383,6,2556,1,3,4,134
5724,2020-08-24,208,8,884,2,4,2,242
5734,2020-07-22,241,9,1974,2,4,4,244
5746,2020-09-30,171,6,2437,2,3,4,234
5760,2020-08-10,222,10,4987,2,4,4,244
5783,2020-10-13,158,9,2957,2,4,4,244
5805,2020-10-04,167,9,3519,2,4,4,244
5828,2020-09-10,191,7,5851,2,3,4,234
5832,2020-07-02,261,6,4329,2,3,4,234
5837,2020-08-19,213,7,2892,2,3,4,234
5852,2020-09-23,178,7,3287,2,3,4,234
5862,2020-05-28,296,6,5411,1,3,4,134
5868,2020-08-25,207,7,2548,2,3,4,234
5881,2020-03-01,384,7,3099,1,3,4,134
5904,2020-07-17,246,9,901,2,4,2,242
5921,2020-07-08,255,6,2516,2,3,4,234
5942,2020-07-16,247,8,1306,2,4,3,243
5954,2019-09-21,546,6,1874,1,3,4,134
5955,2020-03-04,381,9,1831,1,4,3,143
5966,2020-07-18,245,8,749,2,4,2,242
5972,2020-06-11,282,7,3462,2,3,4,234
5985,2020-09-08,193,8,1495,2,4,3,243
6022,2020-09-09,192,8,2003,2,4,4,244
6031,2020-09-13,188,9,3923,2,4,4,244
6043,2019-10-04,533,6,3715,1,3,4,134
6060,2020-10-03,168,9,1148,2,4,3,243
6067,2020-08-31,201,8,3482,2,4,4,244
6070,2020-10-06,165,8,836,2,4,2,242
6072,2020-08-12,220,9,1437,2,4,3,243
6084,2020-04-11,343,7,3700,1,3,4,134
6091,2020-04-26,328,6,2547,1,3,4,134
6106,2020-07-09,254,8,656,2,4,2,242
6116,2020-09-30,171,8,2046,2,4,4,244
6143,2020-09-04,197,9,2211,2,4,4,244
6151,2020-01-21,424,6,2041,1,3,4,134
6163,2020-06-26,267,6,1845,2,3,4,234
6174,2020-04-19,335,7,6848,1,3,4,134
6176,2020-08-20,212,9,1456,2,4,3,243
6189,2020-04-29,325,6,2755,1,3,4,134
6197,2020-10-11,160,11,2655,2,4,4,244
6210,2020-10-03,168,10,867,2,4,2,242
6217,2020-09-07,194,9,2313,2,4,4,244
6219,2020-08-21,211,9,1125,2,4,3,243
6222,2020-03-22,363,6,5025,1,3,4,134
6227,2020-08-13,219,8,2178,2,4,4,244
6231,2020-07-30,233,6,2663,2,3,4,234
6236,2020-08-14,218,8,592,2,4,2,242
6249,2020-09-20,181,10,1533,2,4,3,243
6264,2020-01-01,444,7,1969,1,3,4,134
6275,2020-03-11,374,7,2402,1,3,4,134
6283,2020-10-01,170,9,1240,2,4,3,243
6284,2020-09-24,177,9,833,2,4,2,242
6294,2020-07-02,261,10,885,2,4,2,242
6321,2020-06-25,268,7,2489,2,3,4,234
6323,2020-08-14,218,9,2373,2,4,4,244
6324,2020-09-21,180,9,2148,2,4,4,244
6334,2020-06-09,284,8,1969,2,4,4,244
6348,2019-11-12,494,7,5832,1,3,4,134
6357,2020-09-01,200,6,2846,2,3,4,234
6392,2020-06-10,283,9,5052,2,4,4,244
6395,2020-05-20,304,6,3877,1,3,4,134
6418,2020-10-15,156,11,2388,2,4,4,244
6427,2019-12-31,445,6,2618,1,3,4,134
6443,2020-05-09,315,7,3478,1,3,4,134
6446,2020-07-22,241,9,1900,2,4,4,244
6453,2020-10-03,168,9,3907,2,4,4,244
6472,2019-11-13,493,6,4896,1,3,4,134
6500,2020-07-08,255,9,3977,2,4,4,244
6519,2020-09-11,190,6,17823,2,3,4,234
6527,2020-05-23,301,8,1774,1,4,3,143
6558,2020-08-22,210,10,1402,2,4,3,243
6559,2020-09-09,192,9,3535,2,4,4,244
6562,2020-09-14,187,9,3054,2,4,4,244
6566,2020-09-25,176,10,1476,2,4,3,243
6569,2020-03-06,379,8,1889,1,4,4,144
6575,2020-01-20,425,8,1078,1,4,3,143
6587,2020-10-02,169,10,913,2,4,2,242
6605,2020-08-21,211,7,1953,2,3,4,234
6608,2020-05-27,297,8,3382,1,4,4,144
6626,2020-08-30,202,10,4623,2,4,4,244
6639,2020-10-11,160,8,3471,2,4,4,244
6646,2020-10-02,169,9,1728,2,4,3,243
6650,2020-06-17,276,7,3991,2,3,4,234
6687,2020-06-05,288,9,3767,1,4,4,144
6694,2020-04-09,345,8,1080,1,4,3,143
6700,2020-09-21,180,7,4062,2,3,4,234
6707,2020-09-28,173,7,4459,2,3,4,234
6713,2020-10-01,170,7,4319,2,3,4,234
6715,2020-08-26,206,8,927,2,4,2,242
6720,2020-10-13,158,8,5921,2,4,4,244
6736,2020-05-06,318,6,1888,1,3,4,134
6737,2019-04-22,698,8,1596,1,4,3,143
6745,2020-06-24,269,13,2703,2,4,4,244
6754,2020-10-08,163,9,1209,2,4,3,243
6756,2020-08-04,228,8,2039,2,4,4,244
6761,2020-10-12,159,9,2460,2,4,4,244
6762,2020-09-04,197,9,3271,2,4,4,244
6824,2020-02-27,387,6,2258,1,3,4,134
6830,2020-03-12,373,9,3801,1,4,4,144
6893,2020-10-03,168,9,1387,2,4,3,243
6905,2020-07-13,250,8,1069,2,4,3,243
6906,2020-03-17,368,7,2954,1,3,4,134
6913,2020-06-21,272,8,1424,2,4,3,243
6937,2020-06-16,277,6,2365,2,3,4,234
6962,2020-06-15,278,6,3194,2,3,4,234
6964,2020-06-04,289,6,2387,1,3,4,134
6965,2020-07-20,243,9,2223,2,4,4,244
6984,2020-08-06,226,8,2443,2,4,4,244
6996,2020-08-15,217,9,2559,2,4,4,244
6998,2020-05-30,294,9,1392,1,4,3,143
7000,2020-07-07,256,6,2263,2,3,4,234
7024,2020-04-14,340,8,2856,1,4,4,144
7027,2020-06-24,269,7,3254,2,3,4,234
7029,2020-01-02,443,9,2281,1,4,4,144
7036,2020-06-30,263,6,2543,2,3,4,234
7071,2020-08-14,218,9,6323,2,4,4,244
7088,2020-09-25,176,8,1201,2,4,3,243
7107,2020-02-25,389,9,1867,1,4,4,144
7120,2020-10-13,158,10,1099,2,4,3,243
7127,2020-05-06,318,6,2487,1,3,4,134
7144,2020-06-28,265,10,3421,2,4,4,244
7146,2020-07-02,261,6,2241,2,3,4,234
7165,2020-01-09,436,9,2037,1,4,4,144
7206,2020-09-18,183,9,1724,2,4,3,243
7223,2020-08-23,209,8,2347,2,4,4,244
7246,2020-09-11,190,10,2208,2,4,4,244
7250,2020-09-16,185,11,1389,2,4,3,243
7254,2020-06-13,280,10,919,2,4,2,242
7283,2020-08-17,215,8,1881,2,4,4,244
7307,2019-10-25,512,6,2903,1,3,4,134
7309,2020-04-08,346,7,3775,1,3,4,134
7316,2020-02-15,399,7,1840,1,3,4,134
7319,2020-03-17,368,6,2275,1,3,4,134
7331,2020-09-16,185,8,2182,2,4,4,244
7338,2020-06-10,283,7,2591,2,3,4,234
7344,2020-06-08,285,8,1560,2,4,3,243
7350,2020-07-25,238,10,2330,2,4,4,244
7358,2020-06-18,275,6,2473,2,3,4,234
7376,2020-10-07,164,8,1490,2,4,3,243
7393,2020-07-16,247,6,2635,2,3,4,234
7404,2020-07-14,249,10,2176,2,4,4,244
7410,2020-05-18,306,7,2523,1,3,4,134
7431,2020-08-03,229,10,860,2,4,2,242
7438,2020-06-14,279,8,1628,2,4,3,243
7450,2020-10-09,162,9,1584,2,4,3,243
7451,2020-06-20,273,9,3614,2,4,4,244
7473,2020-06-19,274,8,574,2,4,2,242
7476,2020-10-05,166,6,2851,2,3,4,234
7501,2020-10-04,167,6,3263,2,3,4,234
7505,2019-04-30,690,8,2044,1,4,4,144
7542,2020-08-03,229,9,1930,2,4,4,244
7550,2020-08-13,219,10,3163,2,4,4,244
7580,2020-06-22,271,6,2937,2,3,4,234
7607,2020-10-10,161,9,774,2,4,2,242
7609,2020-09-10,191,8,629,2,4,2,242
7614,2020-10-15,156,6,3675,2,3,4,234
7620,2020-03-06,379,7,1959,1,3,4,134
7636,2020-10-04,167,6,2160,2,3,4,234
7643,2020-02-27,387,8,2611,1,4,4,144
7657,2019-12-02,474,7,1907,1,3,4,134
7669,2020-08-07,225,10,3281,2,4,4,244
7689,2020-10-06,165,8,1367,2,4,3,243
7697,2020-10-03,168,10,3927,2,4,4,244
7713,2020-09-08,193,10,2811,2,4,4,244
7730,2020-08-01,231,9,3528,2,4,4,244
7762,2020-06-11,282,9,2214,2,4,4,244
7763,2020-07-15,248,9,885,2,4,2,242
7782,2020-06-06,287,8,2063,1,4,4,144
7803,2019-11-24,482,8,5027,1,4,4,144
7811,2020-09-15,186,7,2470,2,3,4,234
7813,2020-05-12,312,6,3595,1,3,4,134
7825,2020-06-18,275,10,3230,2,4,4,244
7838,2020-06-12,281,9,516,2,4,2,242
7860,2020-09-09,192,8,783,2,4,2,242
7885,2020-07-15,248,9,3000,2,4,4,244
7888,2020-09-02,199,8,1504,2,4,3,243
7889,2019-08-22,576,8,2970,1,4,4,144
7894,2020-08-17,215,6,3953,2,3,4,234
7897,2020-08-22,210,6,3793,2,3,4,234
7925,2020-09-06,195,8,2196,2,4,4,244
7943,2020-01-30,415,8,1960,1,4,4,144
7947,2019-11-30,476,8,3158,1,4,4,144
7949,2020-06-03,290,6,3742,1,3,4,134
7954,2020-09-01,200,7,5331,2,3,4,234
7962,2020-06-03,290,6,2530,1,3,4,134
7990,2020-08-09,223,7,1843,2,3,4,234
7991,2020-06-18,275,10,3281,2,4,4,244
7996,2020-05-16,308,9,1406,1,4,3,143
8005,2019-10-11,526,8,1305,1,4,3,143
8008,2020-07-09,254,9,4620,2,4,4,244
8011,2020-08-24,208,7,1946,2,3,4,234
8021,2020-08-26,206,8,1369,2,4,3,243
8024,2020-08-22,210,12,3732,2,4,4,244
8047,2020-09-28,173,9,2604,2,4,4,244
8063,2020-08-29,203,8,2709,2,4,4,244
8066,2020-04-09,345,9,2449,1,4,4,144
8069,2020-07-08,255,8,1681,2,4,3,243
8072,2020-04-15,339,8,1268,1,4,3,143
8102,2020-03-22,363,8,1205,1,4,3,143
8111,2020-02-17,397,6,2851,1,3,4,134
8137,2020-05-22,302,7,2243,1,3,4,134
8145,2020-08-10,222,6,1834,2,3,4,234
8146,2020-09-28,173,9,6064,2,4,4,244
8170,2020-02-15,399,11,1817,1,4,3,143
8204,2020-08-21,211,8,7046,2,4,4,244
8212,2019-12-31,445,6,2701,1,3,4,134
8223,2020-09-19,182,13,5285,2,4,4,244
8224,2020-09-28,173,8,1889,2,4,4,244
8231,2020-09-25,176,9,879,2,4,2,242
8241,2020-05-27,297,8,1901,1,4,4,144
8271,2020-10-14,157,8,4588,2,4,4,244
8277,2020-08-31,201,7,3014,2,3,4,234
8289,2020-10-14,157,8,1559,2,4,3,243
8303,2020-09-20,181,7,6635,2,3,4,234
8324,2020-08-27,205,8,859,2,4,2,242
8333,2020-09-22,179,8,809,2,4,2,242
8353,2020-07-28,235,8,2301,2,4,4,244
8366,2020-08-26,206,6,3356,2,3,4,234
8379,2020-08-02,230,8,1671,2,4,3,243
8402,2020-02-25,389,7,2948,1,3,4,134
8409,2020-08-03,229,8,2866,2,4,4,244
8420,2019-11-03,503,8,1006,1,4,3,143
8424,2020-08-03,229,9,1000,2,4,2,242
8435,2020-08-28,204,8,4960,2,4,4,244
8445,2020-07-29,234,8,503,2,4,2,242
8450,2020-09-27,174,9,1635,2,4,3,243
8503,2020-08-23,209,11,1609,2,4,3,243
8535,2020-01-09,436,6,3720,1,3,4,134
8549,2020-05-17,307,8,2193,1,4,4,144
8556,2020-09-27,174,9,1274,2,4,3,243
8572,2020-08-18,214,10,1615,2,4,3,243
8575,2020-09-10,191,6,2285,2,3,4,234
8606,2020-09-19,182,10,1374,2,4,3,243
8634,2020-08-20,212,10,3992,2,4,4,244
8641,2020-09-07,194,6,2102,2,3,4,234
8659,2020-07-06,257,12,3074,2,4,4,244
8661,2020-08-03,229,10,3045,2,4,4,244
8667,2020-09-17,184,10,4292,2,4,4,244
8672,2020-08-30,202,6,1984,2,3,4,234
8676,2020-10-09,162,9,758,2,4,2,242
8709,2019-12-24,452,8,2783,1,4,4,144
8722,2020-04-18,336,8,4047,1,4,4,144
8728,2020-09-30,171,10,1663,2,4,3,243
8734,2020-07-29,234,11,2955,2,4,4,244
8752,2020-09-19,182,8,800,2,4,2,242
8753,2019-06-12,647,6,3915,1,3,4,134
8764,2020-08-06,226,9,1234,2,4,3,243
8782,2020-04-20,334,8,1924,1,4,4,144
8783,2020-08-09,223,7,1918,2,3,4,234
8804,2020-03-25,360,9,4145,1,4,4,144
8823,2020-08-20,212,8,840,2,4,2,242
8880,2020-05-23,301,7,3070,1,3,4,134
8894,2020-05-24,300,8,1361,1,4,3,143
8899,2020-09-29,172,6,3032,2,3,4,234
8901,2020-07-31,232,8,3907,2,4,4,244
8909,2020-02-04,410,10,1412,1,4,3,143
8912,2020-06-22,271,8,1868,2,4,4,244
8941,2020-07-31,232,9,1222,2,4,3,243
8942,2020-07-10,253,8,2291,2,4,4,244
8982,2020-06-21,272,8,1470,2,4,3,243
8989,2020-07-13,250,7,3170,2,3,4,234
8995,2020-09-27,174,7,3154,2,3,4,234
9010,2020-08-28,204,10,2538,2,4,4,244
9016,2019-12-02,474,10,3479,1,4,4,144
9018,2020-08-31,201,6,4145,2,3,4,234
9049,2020-04-26,328,7,5663,1,3,4,134
9064,2020-07-01,262,11,2653,2,4,4,244
9065,2020-09-27,174,10,1386,2,4,3,243
9086,2020-05-11,313,7,2485,1,3,4,134
9103,2019-11-17,489,10,2161,1,4,4,144
9111,2020-09-11,190,8,1378,2,4,3,243
9119,2020-09-09,192,6,2241,2,3,4,234
9131,2020-09-29,172,9,1027,2,4,3,243
9132,2020-07-12,251,9,3228,2,4,4,244
9148,2020-09-06,195,7,2910,2,3,4,234
9149,2020-01-22,423,6,5599,1,3,4,134
9150,2020-10-02,169,10,1184,2,4,3,243
9154,2020-04-19,335,6,1947,1,3,4,134
9178,2020-09-25,176,8,650,2,4,2,242
9206,2020-10-13,158,11,3994,2,4,4,244
9211,2020-10-13,158,8,567,2,4,2,242
9219,2020-09-23,178,7,2351,2,3,4,234
9221,2020-09-30,171,12,3098,2,4,4,244
9231,2020-05-27,297,6,1912,1,3,4,134
9255,2020-07-22,241,7,2150,2,3,4,234
9265,2020-08-18,214,14,7161,2,4,4,244
9271,2020-06-02,291,9,3261,1,4,4,144
